courses_id,text,
3,Research documentation on your own as a first line of action,"INSERT INTO learning_objectives (courses_id,text) VALUES (3,""Research documentation on your own as a first line of action"");"
3,Describe the components of a computer,"INSERT INTO learning_objectives (courses_id,text) VALUES (3,""Describe the components of a computer"");"
3,Explain the scales of computational power and scales of data,"INSERT INTO learning_objectives (courses_id,text) VALUES (3,""Explain the scales of computational power and scales of data"");"
3,"Differentiate between Windows, MacOS ,and Linux operating systems","INSERT INTO learning_objectives (courses_id,text) VALUES (3,""Differentiate between Windows, MacOS ,and Linux operating systems"");"
3,Compare Command Line (CLI) and Graphical User Interface (GUI) shells,"INSERT INTO learning_objectives (courses_id,text) VALUES (3,""Compare Command Line (CLI) and Graphical User Interface (GUI) shells"");"
3,Demonstrate installing software to your computer,"INSERT INTO learning_objectives (courses_id,text) VALUES (3,""Demonstrate installing software to your computer"");"
3,Implement important tasks with Linux,"INSERT INTO learning_objectives (courses_id,text) VALUES (3,""Implement important tasks with Linux"");"
3,Create a GitHub account for career or personal use,"INSERT INTO learning_objectives (courses_id,text) VALUES (3,""Create a GitHub account for career or personal use"");"
3,Use CLI to operate Git software for version control,"INSERT INTO learning_objectives (courses_id,text) VALUES (3,""Use CLI to operate Git software for version control"");"
3,Use GUI to operate Github website interface for version control,"INSERT INTO learning_objectives (courses_id,text) VALUES (3,""Use GUI to operate Github website interface for version control"");"
3,Know how to Install R,"INSERT INTO learning_objectives (courses_id,text) VALUES (3,""Know how to Install R"");"
3,Know how to install and launch Rstudio,"INSERT INTO learning_objectives (courses_id,text) VALUES (3,""Know how to install and launch Rstudio"");"
3,Know how to install Anaconda,"INSERT INTO learning_objectives (courses_id,text) VALUES (3,""Know how to install Anaconda"");"
3,Know how to launch Spyder,"INSERT INTO learning_objectives (courses_id,text) VALUES (3,""Know how to launch Spyder"");"
3,Know how to launch Jupyter Notebook,"INSERT INTO learning_objectives (courses_id,text) VALUES (3,""Know how to launch Jupyter Notebook"");"
4,Understand and use language models such as bag of words,"INSERT INTO learning_objectives (courses_id,text) VALUES (4,""Understand and use language models such as bag of words"");"
4,Understand and use vector space models,"INSERT INTO learning_objectives (courses_id,text) VALUES (4,""Understand and use vector space models"");"
4,Understand how to measure similarity between documents,"INSERT INTO learning_objectives (courses_id,text) VALUES (4,""Understand how to measure similarity between documents"");"
4,Understand how Principal Component Analysis (PCA) works,"INSERT INTO learning_objectives (courses_id,text) VALUES (4,""Understand how Principal Component Analysis (PCA) works"");"
4,Understand and use topic models such as Latent Dirichlet Allocation (LDA),"INSERT INTO learning_objectives (courses_id,text) VALUES (4,""Understand and use topic models such as Latent Dirichlet Allocation (LDA)"");"
4,Understand and use word embedding such as glove and word2vec,"INSERT INTO learning_objectives (courses_id,text) VALUES (4,""Understand and use word embedding such as glove and word2vec"");"
4,Understand and use sentiment analysis such as VADER,"INSERT INTO learning_objectives (courses_id,text) VALUES (4,""Understand and use sentiment analysis such as VADER"");"
4,Understand and use Naive Bayes classification,"INSERT INTO learning_objectives (courses_id,text) VALUES (4,""Understand and use Naive Bayes classification"");"
5,Have a working knowledge of parallel computing and apply this knowledge for improved computing efficiency,"INSERT INTO learning_objectives (courses_id,text) VALUES (5,""Have a working knowledge of parallel computing and apply this knowledge for improved computing efficiency"");"
5,"Select, Computationally Assess, and Deploy appropriate and efficient data structures and algorithms to solve Data Science problems","INSERT INTO learning_objectives (courses_id,text) VALUES (5,""Select, Computationally Assess, and Deploy appropriate and efficient data structures and algorithms to solve Data Science problems"");"
5,"Define and Use Logic, Data Structures, and Algorithms to Solve Problems ","INSERT INTO learning_objectives (courses_id,text) VALUES (5,""Define and Use Logic, Data Structures, and Algorithms to Solve Problems "");"
5,"Connect, Transform, and Reduce Real-World Problems to Classical Problem Frameworks to make use of existing, efficient algorithmic solutions","INSERT INTO learning_objectives (courses_id,text) VALUES (5,""Connect, Transform, and Reduce Real-World Problems to Classical Problem Frameworks to make use of existing, efficient algorithmic solutions"");"
5,Independently Explore advanced or supplementary topics to attain a deeper and complimentary understanding of topics,"INSERT INTO learning_objectives (courses_id,text) VALUES (5,""Independently Explore advanced or supplementary topics to attain a deeper and complimentary understanding of topics"");"
5,"Reflect on peer-feedback, instructor-feedback, experiences, and lessons-learned related to the use of data structures and algorithms to make continual improvements and updates to methodologies applied ","INSERT INTO learning_objectives (courses_id,text) VALUES (5,""Reflect on peer-feedback, instructor-feedback, experiences, and lessons-learned related to the use of data structures and algorithms to make continual improvements and updates to methodologies applied "");"
5,Have a working knowledge of the Algorithm Complexity Class Hierarchy in order to gain perspective of the scope of the field and its contextual application to Data Science ,"INSERT INTO learning_objectives (courses_id,text) VALUES (5,""Have a working knowledge of the Algorithm Complexity Class Hierarchy in order to gain perspective of the scope of the field and its contextual application to Data Science "");"
5,Design and understand regular expressions for pattern matching,"INSERT INTO learning_objectives (courses_id,text) VALUES (5,""Design and understand regular expressions for pattern matching"");"
5,Understand the important considerations for proper database design,"INSERT INTO learning_objectives (courses_id,text) VALUES (5,""Understand the important considerations for proper database design"");"
6,Basic Dataframe operations (Python and R),"INSERT INTO learning_objectives (courses_id,text) VALUES (6,""Basic Dataframe operations (Python and R)"");"
6,Clone a repo on GitHub,"INSERT INTO learning_objectives (courses_id,text) VALUES (6,""Clone a repo on GitHub"");"
6,Confidently work in an appropriate programming environment (IDE),"INSERT INTO learning_objectives (courses_id,text) VALUES (6,""Confidently work in an appropriate programming environment (IDE)"");"
6,Confidently write a class and call its methods to simulate a scenario,"INSERT INTO learning_objectives (courses_id,text) VALUES (6,""Confidently write a class and call its methods to simulate a scenario"");"
6,Confidently write and call functions in both Python and R,"INSERT INTO learning_objectives (courses_id,text) VALUES (6,""Confidently write and call functions in both Python and R"");"
6,Correctly pass parameters and retrieve function output(s),"INSERT INTO learning_objectives (courses_id,text) VALUES (6,""Correctly pass parameters and retrieve function output(s)"");"
6,"Data structures (e.g., sequences and collections: set, list, dict, tuple)","INSERT INTO learning_objectives (courses_id,text) VALUES (6,""Data structures (e.g., sequences and collections: set, list, dict, tuple)"");"
6,Demonstrate how methods are inherited from base classes,"INSERT INTO learning_objectives (courses_id,text) VALUES (6,""Demonstrate how methods are inherited from base classes"");"
6,"Essential primitives (e.g., bool, int, float)","INSERT INTO learning_objectives (courses_id,text) VALUES (6,""Essential primitives (e.g., bool, int, float)"");"
6,Find and utilize resources including online documentation,"INSERT INTO learning_objectives (courses_id,text) VALUES (6,""Find and utilize resources including online documentation"");"
6,"I/O: at least three different formats, including csv, txt, JSON","INSERT INTO learning_objectives (courses_id,text) VALUES (6,""I/O: at least three different formats, including csv, txt, JSON"");"
6,Identify and utilize primitive data types and data structures [Built in],"INSERT INTO learning_objectives (courses_id,text) VALUES (6,""Identify and utilize primitive data types and data structures [Built in]"");"
6,Import data into a Pandas Dataframe,"INSERT INTO learning_objectives (courses_id,text) VALUES (6,""Import data into a Pandas Dataframe"");"
6,Incorporating some exception handling,"INSERT INTO learning_objectives (courses_id,text) VALUES (6,""Incorporating some exception handling"");"
6,"NumPy, Pandas (essentials)","INSERT INTO learning_objectives (courses_id,text) VALUES (6,""NumPy, Pandas (essentials)"");"
6,Patch/debug broken code,"INSERT INTO learning_objectives (courses_id,text) VALUES (6,""Patch/debug broken code"");"
6,Patch/debug code using in-line testing and unit testing (advanced),"INSERT INTO learning_objectives (courses_id,text) VALUES (6,""Patch/debug code using in-line testing and unit testing (advanced)"");"
6,"Perform sensitivity analysis on functions (e.g., changing inputs and measuring impact on outputs)","INSERT INTO learning_objectives (courses_id,text) VALUES (6,""Perform sensitivity analysis on functions (e.g., changing inputs and measuring impact on outputs)"");"
6,Perform simple mathematical calculations (Python and R),"INSERT INTO learning_objectives (courses_id,text) VALUES (6,""Perform simple mathematical calculations (Python and R)"");"
6,R: Apply the Tidyverse Pipe operator to aggregate data,"INSERT INTO learning_objectives (courses_id,text) VALUES (6,""R: Apply the Tidyverse Pipe operator to aggregate data"");"
6,"R: Apply the Tidyverse verbs, such as: select(), filter(), arrange(), mutate(), summarize()","INSERT INTO learning_objectives (courses_id,text) VALUES (6,""R: Apply the Tidyverse verbs, such as: select(), filter(), arrange(), mutate(), summarize()"");"
6,R: data types,"INSERT INTO learning_objectives (courses_id,text) VALUES (6,""R: data types"");"
6,R: Demonstrate use of element-wise operations,"INSERT INTO learning_objectives (courses_id,text) VALUES (6,""R: Demonstrate use of element-wise operations"");"
6,"R: essential built-in functions like head(), tail(), rbind(), table(), summary(), str()","INSERT INTO learning_objectives (courses_id,text) VALUES (6,""R: essential built-in functions like head(), tail(), rbind(), table(), summary(), str()"");"
6,R: get started in RStudio and navigate around,"INSERT INTO learning_objectives (courses_id,text) VALUES (6,""R: get started in RStudio and navigate around"");"
6,R: save code in an R script,"INSERT INTO learning_objectives (courses_id,text) VALUES (6,""R: save code in an R script"");"
6,R: vectorization,"INSERT INTO learning_objectives (courses_id,text) VALUES (6,""R: vectorization"");"
6,Read and Write to and from various data formats,"INSERT INTO learning_objectives (courses_id,text) VALUES (6,""Read and Write to and from various data formats"");"
6,Read code on GitHub,"INSERT INTO learning_objectives (courses_id,text) VALUES (6,""Read code on GitHub"");"
6,Select and apply an appropriate data structure based on the problem requirements,"INSERT INTO learning_objectives (courses_id,text) VALUES (6,""Select and apply an appropriate data structure based on the problem requirements"");"
6,Use a program API to utilize existing functions (e.g. assert statements.),"INSERT INTO learning_objectives (courses_id,text) VALUES (6,""Use a program API to utilize existing functions (e.g. assert statements.)"");"
6,"Using program API to utilize existing functions (e.g. sorting, searching, assert statements, etc.)","INSERT INTO learning_objectives (courses_id,text) VALUES (6,""Using program API to utilize existing functions (e.g. sorting, searching, assert statements, etc.)"");"
6,Utilize and implement add-on numerical packages to augment existing data structures,"INSERT INTO learning_objectives (courses_id,text) VALUES (6,""Utilize and implement add-on numerical packages to augment existing data structures"");"
6,Write robust code by implementing the basic principles of program testing and debugging,"INSERT INTO learning_objectives (courses_id,text) VALUES (6,""Write robust code by implementing the basic principles of program testing and debugging"");"
7,Execute distributed computing frameworks using MapReduce and Spark ,"INSERT INTO learning_objectives (courses_id,text) VALUES (7,""Execute distributed computing frameworks using MapReduce and Spark "");"
7,"Demonstrate knowledge of applications for big data storage, retrieval, processing, and modeling using Amazon AWS, Hive, and others from the Hadoop ecosystem ","INSERT INTO learning_objectives (courses_id,text) VALUES (7,""Demonstrate knowledge of applications for big data storage, retrieval, processing, and modeling using Amazon AWS, Hive, and others from the Hadoop ecosystem "");"
7,"Implement PySpark for prevalent data science tasks, including data analysis and machine learning","INSERT INTO learning_objectives (courses_id,text) VALUES (7,""Implement PySpark for prevalent data science tasks, including data analysis and machine learning"");"
7,Execute an end-to-end predictive modeling project using a large dataset,"INSERT INTO learning_objectives (courses_id,text) VALUES (7,""Execute an end-to-end predictive modeling project using a large dataset"");"
7,"Delineate Spark basic architecture and functionality.
","INSERT INTO learning_objectives (courses_id,text) VALUES (7,""Delineate Spark basic architecture and functionality.
"");"
7,Apply RDDs and Pair RDDs in data analysis tasks,"INSERT INTO learning_objectives (courses_id,text) VALUES (7,""Apply RDDs and Pair RDDs in data analysis tasks"");"
7,Apply DataFrames in data analysis tasks,"INSERT INTO learning_objectives (courses_id,text) VALUES (7,""Apply DataFrames in data analysis tasks"");"
7,Apply Spark SQL to data analysis tasks,"INSERT INTO learning_objectives (courses_id,text) VALUES (7,""Apply Spark SQL to data analysis tasks"");"
7,Demonstrate how to preprocess data in PySpark,"INSERT INTO learning_objectives (courses_id,text) VALUES (7,""Demonstrate how to preprocess data in PySpark"");"
7,Identify the basics of the MLlib library in PySpark,"INSERT INTO learning_objectives (courses_id,text) VALUES (7,""Identify the basics of the MLlib library in PySpark"");"
7,Implement classification models in MLlib,"INSERT INTO learning_objectives (courses_id,text) VALUES (7,""Implement classification models in MLlib"");"
7,Identify the statistics functionality in MLlib,"INSERT INTO learning_objectives (courses_id,text) VALUES (7,""Identify the statistics functionality in MLlib"");"
7,Implement regression models in MLlib,"INSERT INTO learning_objectives (courses_id,text) VALUES (7,""Implement regression models in MLlib"");"
7,Examine the alternating least squares algorithm,"INSERT INTO learning_objectives (courses_id,text) VALUES (7,""Examine the alternating least squares algorithm"");"
7,Implement recommender systems in PySpark using collaborative filtering,"INSERT INTO learning_objectives (courses_id,text) VALUES (7,""Implement recommender systems in PySpark using collaborative filtering"");"
7,Execute the feature utilities package in ML,"INSERT INTO learning_objectives (courses_id,text) VALUES (7,""Execute the feature utilities package in ML"");"
7,Construct machine learning pipelines,"INSERT INTO learning_objectives (courses_id,text) VALUES (7,""Construct machine learning pipelines"");"
7,Apply dimension reduction techniques using PySpark,"INSERT INTO learning_objectives (courses_id,text) VALUES (7,""Apply dimension reduction techniques using PySpark"");"
7,Execute model selection and tuning in PySpark,"INSERT INTO learning_objectives (courses_id,text) VALUES (7,""Execute model selection and tuning in PySpark"");"
7,Distinguish the use and benefits of accumulators and broadcast variables,"INSERT INTO learning_objectives (courses_id,text) VALUES (7,""Distinguish the use and benefits of accumulators and broadcast variables"");"
7,Build machine learning tools for the supervised learning task,"INSERT INTO learning_objectives (courses_id,text) VALUES (7,""Build machine learning tools for the supervised learning task"");"
7,Use hyperparameter tuning in Spark,"INSERT INTO learning_objectives (courses_id,text) VALUES (7,""Use hyperparameter tuning in Spark"");"
7,Understand the concepts behind HDFS,"INSERT INTO learning_objectives (courses_id,text) VALUES (7,""Understand the concepts behind HDFS"");"
7,Understand the concepts behind Hive.,"INSERT INTO learning_objectives (courses_id,text) VALUES (7,""Understand the concepts behind Hive."");"
7,Have some familiarity with running PySpark in a Databricks notebook,"INSERT INTO learning_objectives (courses_id,text) VALUES (7,""Have some familiarity with running PySpark in a Databricks notebook"");"
7,"Understand how EC2 and S3 are used for computing and storage, respectively","INSERT INTO learning_objectives (courses_id,text) VALUES (7,""Understand how EC2 and S3 are used for computing and storage, respectively"");"
7,Demonstrate the steps for configuring and launching an AWS EC2 instance,"INSERT INTO learning_objectives (courses_id,text) VALUES (7,""Demonstrate the steps for configuring and launching an AWS EC2 instance"");"
7,Understand the capabilities of Amazon Glue and Athena,"INSERT INTO learning_objectives (courses_id,text) VALUES (7,""Understand the capabilities of Amazon Glue and Athena"");"
7,Understand the concepts and use cases behind Apache Kafka,"INSERT INTO learning_objectives (courses_id,text) VALUES (7,""Understand the concepts and use cases behind Apache Kafka"");"
7,Create and configure an Amazon S3 bucket,"INSERT INTO learning_objectives (courses_id,text) VALUES (7,""Create and configure an Amazon S3 bucket"");"
7,Apply the concepts behind streaming systems,"INSERT INTO learning_objectives (courses_id,text) VALUES (7,""Apply the concepts behind streaming systems"");"
7,Execute the Spark Streaming library,"INSERT INTO learning_objectives (courses_id,text) VALUES (7,""Execute the Spark Streaming library"");"
7,Compute analytics using Spark Streaming,"INSERT INTO learning_objectives (courses_id,text) VALUES (7,""Compute analytics using Spark Streaming"");"
7,Explain the properties of data lakes and data lakehouses,"INSERT INTO learning_objectives (courses_id,text) VALUES (7,""Explain the properties of data lakes and data lakehouses"");"
7,"Explain the shortcomings of data lakes, and how data lakehouses address these shortcomings","INSERT INTO learning_objectives (courses_id,text) VALUES (7,""Explain the shortcomings of data lakes, and how data lakehouses address these shortcomings"");"
7,"Work with Apache Delta lakes to implement their salient features (create, delete, update, conditional update, time travel)","INSERT INTO learning_objectives (courses_id,text) VALUES (7,""Work with Apache Delta lakes to implement their salient features (create, delete, update, conditional update, time travel)"");"
7,Implement GraphX and GraphFrames in Spark,"INSERT INTO learning_objectives (courses_id,text) VALUES (7,""Implement GraphX and GraphFrames in Spark"");"
8,Recognize how to get help with coding in a way that is accurate and efficient while demonstrating how to be a good citizen in online forums,"INSERT INTO learning_objectives (courses_id,text) VALUES (8,""Recognize how to get help with coding in a way that is accurate and efficient while demonstrating how to be a good citizen in online forums"");"
8,"Implement methods for acquiring electronic data in many formats: csv, flat files, json, from APIs, and using web scraping, and loading it into Python","INSERT INTO learning_objectives (courses_id,text) VALUES (8,""Implement methods for acquiring electronic data in many formats: csv, flat files, json, from APIs, and using web scraping, and loading it into Python"");"
8,"Understand the purpose, typology, and language of relational databases","INSERT INTO learning_objectives (courses_id,text) VALUES (8,""Understand the purpose, typology, and language of relational databases"");"
8,"Understand the purpose, typology, and language of NoSQL databases","INSERT INTO learning_objectives (courses_id,text) VALUES (8,""Understand the purpose, typology, and language of NoSQL databases"");"
8,"Understand how to implement databases Python: SQLite, PostgreSQL, MySQL, MongoDB","INSERT INTO learning_objectives (courses_id,text) VALUES (8,""Understand how to implement databases Python: SQLite, PostgreSQL, MySQL, MongoDB"");"
8,Understand how to query databases with SQL ,"INSERT INTO learning_objectives (courses_id,text) VALUES (8,""Understand how to query databases with SQL "");"
8,Understand how to query databases with the MongoDB query language,"INSERT INTO learning_objectives (courses_id,text) VALUES (8,""Understand how to query databases with the MongoDB query language"");"
8,"Employ methods for wrangling, joining, and aggregating data using pandas","INSERT INTO learning_objectives (courses_id,text) VALUES (8,""Employ methods for wrangling, joining, and aggregating data using pandas"");"
8,"Understand relationships in data using summary statistics, hypothesis tests, measurement models","INSERT INTO learning_objectives (courses_id,text) VALUES (8,""Understand relationships in data using summary statistics, hypothesis tests, measurement models"");"
8,"Understand relationships in data using visualization with matplotlib, seaborn, plotly","INSERT INTO learning_objectives (courses_id,text) VALUES (8,""Understand relationships in data using visualization with matplotlib, seaborn, plotly"");"
9,Identify situations that demand ethical responses involving data science,"INSERT INTO learning_objectives (courses_id,text) VALUES (9,""Identify situations that demand ethical responses involving data science"");"
9,Develop the skills to respond creatively to critical ethics issues in data science,"INSERT INTO learning_objectives (courses_id,text) VALUES (9,""Develop the skills to respond creatively to critical ethics issues in data science"");"
17,"Build knowledge about the education and training needed for a particular job, career path, and entry into the data science profession","INSERT INTO learning_objectives (courses_id,text) VALUES (17,""Build knowledge about the education and training needed for a particular job, career path, and entry into the data science profession"");"
17,"Observe, receive information, and ask questions to acquire knowledge and awareness of data science professions","INSERT INTO learning_objectives (courses_id,text) VALUES (17,""Observe, receive information, and ask questions to acquire knowledge and awareness of data science professions"");"
17,Relate academics with the world of work by connection data science careers to program coursework,"INSERT INTO learning_objectives (courses_id,text) VALUES (17,""Relate academics with the world of work by connection data science careers to program coursework"");"
10,Collect and manage data to devise solutions to assigned research projects,"INSERT INTO learning_objectives (courses_id,text) VALUES (10,""Collect and manage data to devise solutions to assigned research projects"");"
10,"Select, apply, and evaluate models, tools, and methods to address research projects","INSERT INTO learning_objectives (courses_id,text) VALUES (10,""Select, apply, and evaluate models, tools, and methods to address research projects"");"
10,Interpret and assess results and evaluate the limitations of research findings,"INSERT INTO learning_objectives (courses_id,text) VALUES (10,""Interpret and assess results and evaluate the limitations of research findings"");"
10,"Resolve group work allocation, leadership, and cooperation issues","INSERT INTO learning_objectives (courses_id,text) VALUES (10,""Resolve group work allocation, leadership, and cooperation issues"");"
18,Identify situations that demand ethical responses involving data science,"INSERT INTO learning_objectives (courses_id,text) VALUES (18,""Identify situations that demand ethical responses involving data science"");"
18,Develop the skills to respond creatively to critical ethics issues in data science,"INSERT INTO learning_objectives (courses_id,text) VALUES (18,""Develop the skills to respond creatively to critical ethics issues in data science"");"
11,Collect and manage data to devise solutions to assigned research projects,"INSERT INTO learning_objectives (courses_id,text) VALUES (11,""Collect and manage data to devise solutions to assigned research projects"");"
11,"Select, apply, and evaluate models, tools, and methods to address research projects","INSERT INTO learning_objectives (courses_id,text) VALUES (11,""Select, apply, and evaluate models, tools, and methods to address research projects"");"
11,Interpret and assess results and evaluate the limitations of research findings,"INSERT INTO learning_objectives (courses_id,text) VALUES (11,""Interpret and assess results and evaluate the limitations of research findings"");"
11,"Resolve group work allocation, leadership, and cooperation issues","INSERT INTO learning_objectives (courses_id,text) VALUES (11,""Resolve group work allocation, leadership, and cooperation issues"");"
16,Use regression analysis to answer questions of interest in a wide variety of application environments,"INSERT INTO learning_objectives (courses_id,text) VALUES (16,""Use regression analysis to answer questions of interest in a wide variety of application environments"");"
16,Determine the most appropriate regression model for a given data set,"INSERT INTO learning_objectives (courses_id,text) VALUES (16,""Determine the most appropriate regression model for a given data set"");"
16,Identify the assumptions and limitations of a given regression model,"INSERT INTO learning_objectives (courses_id,text) VALUES (16,""Identify the assumptions and limitations of a given regression model"");"
16,Diagnose and remedy common problems with the regression model found in real data,"INSERT INTO learning_objectives (courses_id,text) VALUES (16,""Diagnose and remedy common problems with the regression model found in real data"");"
16,Work with various data structures and primitive data types in the R programming language,"INSERT INTO learning_objectives (courses_id,text) VALUES (16,""Work with various data structures and primitive data types in the R programming language"");"
16,"Process R dataframes into the forms necessary for subsequent analysis including subsetting by rows, columns, condition, changing column names, removing missing values, combining dataframes with vectors","INSERT INTO learning_objectives (courses_id,text) VALUES (16,""Process R dataframes into the forms necessary for subsequent analysis including subsetting by rows, columns, condition, changing column names, removing missing values, combining dataframes with vectors"");"
16,Use the appropriate numerical and graphical summaries based on the question of interest and type of data,"INSERT INTO learning_objectives (courses_id,text) VALUES (16,""Use the appropriate numerical and graphical summaries based on the question of interest and type of data"");"
16,Use the statistical software R for regression analysis,"INSERT INTO learning_objectives (courses_id,text) VALUES (16,""Use the statistical software R for regression analysis"");"
16,State appropriate context-specific conclusions from an analysis,"INSERT INTO learning_objectives (courses_id,text) VALUES (16,""State appropriate context-specific conclusions from an analysis"");"
16,"Present and discuss orally and in writing, statistical ideas, methods, and results to lay and professional audiences","INSERT INTO learning_objectives (courses_id,text) VALUES (16,""Present and discuss orally and in writing, statistical ideas, methods, and results to lay and professional audiences"");"
16,Work in teams to demonstrate the skills of a professional statistician in organizing and managing projects,"INSERT INTO learning_objectives (courses_id,text) VALUES (16,""Work in teams to demonstrate the skills of a professional statistician in organizing and managing projects"");"
16,Describe the mathematical framework of regression models,"INSERT INTO learning_objectives (courses_id,text) VALUES (16,""Describe the mathematical framework of regression models"");"
16,Describe the importance of assessing the assumptions and limitations for a given regression model,"INSERT INTO learning_objectives (courses_id,text) VALUES (16,""Describe the importance of assessing the assumptions and limitations for a given regression model"");"
12,Build classification and regression models for a given data set using R statistical software,"INSERT INTO learning_objectives (courses_id,text) VALUES (12,""Build classification and regression models for a given data set using R statistical software"");"
12,Explain the statistical theory used in data mining that affects how each type of model makes predictions,"INSERT INTO learning_objectives (courses_id,text) VALUES (12,""Explain the statistical theory used in data mining that affects how each type of model makes predictions"");"
12,"For a given data set and model, determine the optimal algorithmic parameters to customize the results of the model based on practical goals","INSERT INTO learning_objectives (courses_id,text) VALUES (12,""For a given data set and model, determine the optimal algorithmic parameters to customize the results of the model based on practical goals"");"
12,"Evaluate the performance of a model in terms of various factors such as accuracy, computational cost, interpretability, and practical requirements","INSERT INTO learning_objectives (courses_id,text) VALUES (12,""Evaluate the performance of a model in terms of various factors such as accuracy, computational cost, interpretability, and practical requirements"");"
12,Determine the most appropriate algorithm for a given data set based on the needs of the user,"INSERT INTO learning_objectives (courses_id,text) VALUES (12,""Determine the most appropriate algorithm for a given data set based on the needs of the user"");"
12,Use visualization techniques to help users understand and interpret the data mining results,"INSERT INTO learning_objectives (courses_id,text) VALUES (12,""Use visualization techniques to help users understand and interpret the data mining results"");"
12,Implement KNN regression and classification models in R,"INSERT INTO learning_objectives (courses_id,text) VALUES (12,""Implement KNN regression and classification models in R"");"
12,Build linear and nonlinear regression models in R,"INSERT INTO learning_objectives (courses_id,text) VALUES (12,""Build linear and nonlinear regression models in R"");"
12,Evaluate bias-variance tradeoff of linear regression method,"INSERT INTO learning_objectives (courses_id,text) VALUES (12,""Evaluate bias-variance tradeoff of linear regression method"");"
12,"Implement LR, LDA, and QDA classification in R","INSERT INTO learning_objectives (courses_id,text) VALUES (12,""Implement LR, LDA, and QDA classification in R"");"
12,Implement cross-validation,"INSERT INTO learning_objectives (courses_id,text) VALUES (12,""Implement cross-validation"");"
12,Understand the theory behind principal components,"INSERT INTO learning_objectives (courses_id,text) VALUES (12,""Understand the theory behind principal components"");"
12,Use principal components transformation to visualize data,"INSERT INTO learning_objectives (courses_id,text) VALUES (12,""Use principal components transformation to visualize data"");"
12,"Use regularization (shrinkage, PCA, lasso) to improve regression accuracy","INSERT INTO learning_objectives (courses_id,text) VALUES (12,""Use regularization (shrinkage, PCA, lasso) to improve regression accuracy"");"
12,Build a CART in R and use for both classification and regression,"INSERT INTO learning_objectives (courses_id,text) VALUES (12,""Build a CART in R and use for both classification and regression"");"
12,Build a random forest (RF) for classification and for regression in R,"INSERT INTO learning_objectives (courses_id,text) VALUES (12,""Build a random forest (RF) for classification and for regression in R"");"
12,Use an SVM for classification and regression in R,"INSERT INTO learning_objectives (courses_id,text) VALUES (12,""Use an SVM for classification and regression in R"");"
12,Use K-Means clustering to explore new data in R,"INSERT INTO learning_objectives (courses_id,text) VALUES (12,""Use K-Means clustering to explore new data in R"");"
12,Use hierarchical clustering to create and evaluate clusters in R,"INSERT INTO learning_objectives (courses_id,text) VALUES (12,""Use hierarchical clustering to create and evaluate clusters in R"");"
13,Probability review,"INSERT INTO learning_objectives (courses_id,text) VALUES (13,""Probability review"");"
13,Use the elements of Bayes theorem in problem solving,"INSERT INTO learning_objectives (courses_id,text) VALUES (13,""Use the elements of Bayes theorem in problem solving"");"
13,Use univariate conjugate priors to analytically obtain the posterior distribution,"INSERT INTO learning_objectives (courses_id,text) VALUES (13,""Use univariate conjugate priors to analytically obtain the posterior distribution"");"
13,Use multivariate conjugate priors to analytically obtain the posterior distribution,"INSERT INTO learning_objectives (courses_id,text) VALUES (13,""Use multivariate conjugate priors to analytically obtain the posterior distribution"");"
13,Use non-informative priors to analytically obtain the posterior distribution,"INSERT INTO learning_objectives (courses_id,text) VALUES (13,""Use non-informative priors to analytically obtain the posterior distribution"");"
13,Formulate real problems using the fundamentals of statistical decision theory,"INSERT INTO learning_objectives (courses_id,text) VALUES (13,""Formulate real problems using the fundamentals of statistical decision theory"");"
13,Apply the principles of statistical decision theory to obtain the optimal solutions to classification problems,"INSERT INTO learning_objectives (courses_id,text) VALUES (13,""Apply the principles of statistical decision theory to obtain the optimal solutions to classification problems"");"
13,Develop approximate solutions when the required assumptions for optimality in classification are not met,"INSERT INTO learning_objectives (courses_id,text) VALUES (13,""Develop approximate solutions when the required assumptions for optimality in classification are not met"");"
13,Apply the principles of statistical decision theory to obtain the optimal solutions to regression problems,"INSERT INTO learning_objectives (courses_id,text) VALUES (13,""Apply the principles of statistical decision theory to obtain the optimal solutions to regression problems"");"
13,Formulate a graphical representation of a joint distribution using nodes to represent conditional probabilities,"INSERT INTO learning_objectives (courses_id,text) VALUES (13,""Formulate a graphical representation of a joint distribution using nodes to represent conditional probabilities"");"
13,Display Bayesian models using graphs,"INSERT INTO learning_objectives (courses_id,text) VALUES (13,""Display Bayesian models using graphs"");"
13,Represent generative models using graphs,"INSERT INTO learning_objectives (courses_id,text) VALUES (13,""Represent generative models using graphs"");"
13,Apply graphical methods to real problems in text analysis,"INSERT INTO learning_objectives (courses_id,text) VALUES (13,""Apply graphical methods to real problems in text analysis"");"
13,Apply simple sampling methods to approximate distributions,"INSERT INTO learning_objectives (courses_id,text) VALUES (13,""Apply simple sampling methods to approximate distributions"");"
13,Devise Markov models for real problems with conditional dependence,"INSERT INTO learning_objectives (courses_id,text) VALUES (13,""Devise Markov models for real problems with conditional dependence"");"
13,Formulate the Markov Chain Monte Carlo (MCMC) approaches to sampling,"INSERT INTO learning_objectives (courses_id,text) VALUES (13,""Formulate the Markov Chain Monte Carlo (MCMC) approaches to sampling"");"
13,Apply MCMC to real and complex problems in Bayesian inference,"INSERT INTO learning_objectives (courses_id,text) VALUES (13,""Apply MCMC to real and complex problems in Bayesian inference"");"
13,Apply MCMC to real and complex problems in classifications.,"INSERT INTO learning_objectives (courses_id,text) VALUES (13,""Apply MCMC to real and complex problems in classifications."");"
13,Apply MCMC to real and complex problems in regressions,"INSERT INTO learning_objectives (courses_id,text) VALUES (13,""Apply MCMC to real and complex problems in regressions"");"
13,Use Bayes factors for model selection,"INSERT INTO learning_objectives (courses_id,text) VALUES (13,""Use Bayes factors for model selection"");"
13,Formulate and use hierarchical models on real problems,"INSERT INTO learning_objectives (courses_id,text) VALUES (13,""Formulate and use hierarchical models on real problems"");"
13,Use information criteria for model selection,"INSERT INTO learning_objectives (courses_id,text) VALUES (13,""Use information criteria for model selection"");"
13,Formulate and use Bayesian model averaging on real problems,"INSERT INTO learning_objectives (courses_id,text) VALUES (13,""Formulate and use Bayesian model averaging on real problems"");"
13,Apply the expectation-maximization (EM) algorithm to problems in unsupervised learning,"INSERT INTO learning_objectives (courses_id,text) VALUES (13,""Apply the expectation-maximization (EM) algorithm to problems in unsupervised learning"");"
13,Formulate problems with latent variables,"INSERT INTO learning_objectives (courses_id,text) VALUES (13,""Formulate problems with latent variables"");"
13,Formulate problems for solution by the EM algorithm,"INSERT INTO learning_objectives (courses_id,text) VALUES (13,""Formulate problems for solution by the EM algorithm"");"
13,Use Laplacian approximation to estimate probabilities in complex problems,"INSERT INTO learning_objectives (courses_id,text) VALUES (13,""Use Laplacian approximation to estimate probabilities in complex problems"");"
13,Formulate a variational approximation for a Bayesian inference problem,"INSERT INTO learning_objectives (courses_id,text) VALUES (13,""Formulate a variational approximation for a Bayesian inference problem"");"
13,Apply variational inference to problems with analytic solutions for comparisons of results,"INSERT INTO learning_objectives (courses_id,text) VALUES (13,""Apply variational inference to problems with analytic solutions for comparisons of results"");"
13,Represent variational inference using the EM algorithm,"INSERT INTO learning_objectives (courses_id,text) VALUES (13,""Represent variational inference using the EM algorithm"");"
13,Use optimization methods to obtain solutions for variational approximations to real problems,"INSERT INTO learning_objectives (courses_id,text) VALUES (13,""Use optimization methods to obtain solutions for variational approximations to real problems"");"
13,Apply evaluation methods to assess the performance of optimizations to obtain variational approximations,"INSERT INTO learning_objectives (courses_id,text) VALUES (13,""Apply evaluation methods to assess the performance of optimizations to obtain variational approximations"");"
13,Apply Markov random field models to represent problems in Bayesian machine learning,"INSERT INTO learning_objectives (courses_id,text) VALUES (13,""Apply Markov random field models to represent problems in Bayesian machine learning"");"
13,Formulate Hidden Markov Model (HMM) solution strategies,"INSERT INTO learning_objectives (courses_id,text) VALUES (13,""Formulate Hidden Markov Model (HMM) solution strategies"");"
13,Apply HMMs to problems in data science,"INSERT INTO learning_objectives (courses_id,text) VALUES (13,""Apply HMMs to problems in data science"");"
13,Identify the range of applicability of methods from Bayesian machine learning to real problems in data science.,"INSERT INTO learning_objectives (courses_id,text) VALUES (13,""Identify the range of applicability of methods from Bayesian machine learning to real problems in data science."");"
13,Connect the many concepts discussed in the course to provide a foundation for continued learning,"INSERT INTO learning_objectives (courses_id,text) VALUES (13,""Connect the many concepts discussed in the course to provide a foundation for continued learning"");"
14,"Create an end-to-end machine learning project at scale using open-source libraries such as NumPy, Keras, TensorFlow, and Google Cloud","INSERT INTO learning_objectives (courses_id,text) VALUES (14,""Create an end-to-end machine learning project at scale using open-source libraries such as NumPy, Keras, TensorFlow, and Google Cloud"");"
14,"Formulate various supervised, unsupervised, and reinforcement learning models","INSERT INTO learning_objectives (courses_id,text) VALUES (14,""Formulate various supervised, unsupervised, and reinforcement learning models"");"
14,"Apply practical skill sets on designing, deploying, and analyzing deep network architectures on complex real-world problems","INSERT INTO learning_objectives (courses_id,text) VALUES (14,""Apply practical skill sets on designing, deploying, and analyzing deep network architectures on complex real-world problems"");"
14,"Use NumPy to describe, identify, and process multi-dimensional arrays and matrices.","INSERT INTO learning_objectives (courses_id,text) VALUES (14,""Use NumPy to describe, identify, and process multi-dimensional arrays and matrices."");"
14,Identify the components of linear algebra most relevant to deep learning.,"INSERT INTO learning_objectives (courses_id,text) VALUES (14,""Identify the components of linear algebra most relevant to deep learning."");"
14,Summarize numerical concerns for implementations of deep learning algorithms.,"INSERT INTO learning_objectives (courses_id,text) VALUES (14,""Summarize numerical concerns for implementations of deep learning algorithms."");"
14,Design a simple architecture of a multilayer perceptron (MLP).,"INSERT INTO learning_objectives (courses_id,text) VALUES (14,""Design a simple architecture of a multilayer perceptron (MLP)."");"
14,Understand how to design different activation functions to solve the vanishing/exploding gradient problem,"INSERT INTO learning_objectives (courses_id,text) VALUES (14,""Understand how to design different activation functions to solve the vanishing/exploding gradient problem"");"
14,"Formulate several forms of regularization strategies to create a large, deep, regularized model","INSERT INTO learning_objectives (courses_id,text) VALUES (14,""Formulate several forms of regularization strategies to create a large, deep, regularized model"");"
14,Review applications of convolutional neural networks (CNNs),"INSERT INTO learning_objectives (courses_id,text) VALUES (14,""Review applications of convolutional neural networks (CNNs)"");"
14,Study the basics of recurrent neural networks (RNNs),"INSERT INTO learning_objectives (courses_id,text) VALUES (14,""Study the basics of recurrent neural networks (RNNs)"");"
14,Explore the shortcomings of basic RNNs and how to alleviate them with long short-term memory (LSTM) cells,"INSERT INTO learning_objectives (courses_id,text) VALUES (14,""Explore the shortcomings of basic RNNs and how to alleviate them with long short-term memory (LSTM) cells"");"
14,Investigate in-depth how autoencoders work and how to use them for dimensionality reduction and feature extraction,"INSERT INTO learning_objectives (courses_id,text) VALUES (14,""Investigate in-depth how autoencoders work and how to use them for dimensionality reduction and feature extraction"");"
14,Interpret hidden latent variables using perturbation and generate new examples,"INSERT INTO learning_objectives (courses_id,text) VALUES (14,""Interpret hidden latent variables using perturbation and generate new examples"");"
14,"Explain the training process of adversarial neural networks (GANs), where two neural networks compete against each other, and its difficulties","INSERT INTO learning_objectives (courses_id,text) VALUES (14,""Explain the training process of adversarial neural networks (GANs), where two neural networks compete against each other, and its difficulties"");"
14,Explore various applications of GANs and their recent advances,"INSERT INTO learning_objectives (courses_id,text) VALUES (14,""Explore various applications of GANs and their recent advances"");"
14,Explore the basic components of reinforcement learning (RL) including the Markov decision process (MDP),"INSERT INTO learning_objectives (courses_id,text) VALUES (14,""Explore the basic components of reinforcement learning (RL) including the Markov decision process (MDP)"");"
14,Learn to solve for the optimal state-action value by using Q-Learning and Deep Q-Networks (DQNs),"INSERT INTO learning_objectives (courses_id,text) VALUES (14,""Learn to solve for the optimal state-action value by using Q-Learning and Deep Q-Networks (DQNs)"");"
14,"Examine policy gradients (PGs) to directly optimize the policy, as well as a hybrid method called actor critic advantage","INSERT INTO learning_objectives (courses_id,text) VALUES (14,""Examine policy gradients (PGs) to directly optimize the policy, as well as a hybrid method called actor critic advantage"");"
14,Understand how to deploy models to TF Serving and then scale up to Google Cloud AI Platform,"INSERT INTO learning_objectives (courses_id,text) VALUES (14,""Understand how to deploy models to TF Serving and then scale up to Google Cloud AI Platform"");"
14,"Deploy models to mobile apps, embedded devices, and web apps","INSERT INTO learning_objectives (courses_id,text) VALUES (14,""Deploy models to mobile apps, embedded devices, and web apps"");"
14,Understand how adversarial attacks work,"INSERT INTO learning_objectives (courses_id,text) VALUES (14,""Understand how adversarial attacks work"");"
14,Explore bias in data and algorithms,"INSERT INTO learning_objectives (courses_id,text) VALUES (14,""Explore bias in data and algorithms"");"
14,Analyze the issues in uncertainty estimation,"INSERT INTO learning_objectives (courses_id,text) VALUES (14,""Analyze the issues in uncertainty estimation"");"
5,"Understand the fundamentals of modern business with an emphasis on stakeholders, value-creation, industries, markets, and competition","INSERT INTO learning_objectives (courses_id,text) VALUES (5,""Understand the fundamentals of modern business with an emphasis on stakeholders, value-creation, industries, markets, and competition"");"
5,"Apply data science tools to the primary business functions in which they may be working: strategy, sales, marketing, finance, operations, human resources and technology","INSERT INTO learning_objectives (courses_id,text) VALUES (5,""Apply data science tools to the primary business functions in which they may be working: strategy, sales, marketing, finance, operations, human resources and technology"");"
5,"Understand key data sources, models, metrics, and tools that will be critical to their success during their careers, as they work in or support each of these business areas.","INSERT INTO learning_objectives (courses_id,text) VALUES (5,""Understand key data sources, models, metrics, and tools that will be critical to their success during their careers, as they work in or support each of these business areas."");"
5,"Apply ethical data science principles to key business functions (e.g., finance, marketing, etc)","INSERT INTO learning_objectives (courses_id,text) VALUES (5,""Apply ethical data science principles to key business functions (e.g., finance, marketing, etc)"");"
5,"Use critical thinking skills to understand, analyze, or solve business problems","INSERT INTO learning_objectives (courses_id,text) VALUES (5,""Use critical thinking skills to understand, analyze, or solve business problems"");"
5,Communicate effectively in both speech and writing,"INSERT INTO learning_objectives (courses_id,text) VALUES (5,""Communicate effectively in both speech and writing"");"
5,Collaborate effectively with peers,"INSERT INTO learning_objectives (courses_id,text) VALUES (5,""Collaborate effectively with peers"");"
5,Formulate and ask insightful questions,"INSERT INTO learning_objectives (courses_id,text) VALUES (5,""Formulate and ask insightful questions"");"
5,Engage appropriately with senior executives at an enterprise level,"INSERT INTO learning_objectives (courses_id,text) VALUES (5,""Engage appropriately with senior executives at an enterprise level"");"